price,sqft,bedrooms,bathrooms,location,year_built,condition
5778390,854,2,2,Delhi,2000,Poor
23454127,3752,5,5,Noida,2000,Poor
9493171,1931,6,6,Jaipur,1990,Very Good
10412778,1366,3,3,Gurgaon,1985,Poor
3865545,645,6,6,Delhi,1981,Poor
13836865,1492,3,4,Bangalore,2010,Very Good
8465900,949,2,2,Noida,2007,Very Good
43182359,3409,3,3,Mumbai,2005,Excellent
34513523,3345,2,2,Gurgaon,1993,Excellent
7286404,1223,1,1,Pune,2007,Poor
4868717,779,2,2,Hyderabad,2005,Good
8264542,1259,4,4,Chandigarh,2010,Good
14694220,2372,1,1,Hyderabad,1982,Very Good
6388698,1503,2,2,Jaipur,1998,Poor
20175934,2988,3,3,Noida,2000,Fair
10991156,1123,4,4,Bangalore,2002,Excellent
26759251,3034,1,2,Bangalore,1981,Excellent
18437554,1772,1,2,Mumbai,2006,Fair
29674943,3702,4,5,Chandigarh,2009,Excellent
8278963,2124,3,4,Indore,1994,Fair
14165608,2154,4,5,Bangalore,2009,Poor
8089649,1542,6,6,Kolkata,1994,Good
19641406,3100,3,3,Bangalore,1983,Poor
4896630,667,1,2,Hyderabad,2005,Excellent
18944005,3123,5,6,Hyderabad,1989,Fair
15195776,1639,6,6,Gurgaon,2005,Fair
28919481,3227,6,6,Bangalore,1999,Excellent
12387156,1909,2,3,Noida,1995,Fair
22873820,2162,5,6,Gurgaon,2004,Very Good
32681425,3504,5,6,Gurgaon,2006,Fair
11078331,2455,2,2,Lucknow,1981,Excellent
11266901,2502,2,3,Ahmedabad,2007,Fair
25632597,3453,2,2,Delhi,1986,Good
16815107,2982,6,6,Kolkata,2001,Fair
10437810,1715,6,6,Hyderabad,1988,Good
7635478,1250,5,6,Jaipur,2007,Excellent
5405724,1018,2,3,Chandigarh,1992,Fair
28456979,2829,5,5,Mumbai,1998,Poor
8204904,1526,6,6,Pune,1988,Poor
16607748,2378,4,4,Bangalore,2010,Poor
27145324,3489,6,6,Gurgaon,1987,Poor
14474965,3113,1,2,Lucknow,1983,Excellent
19388870,2982,5,6,Bangalore,1984,Fair
4856443,697,6,6,Chennai,1985,Very Good
10451534,2387,6,6,Indore,1984,Very Good
5839681,930,6,6,Pune,1999,Fair
13890588,3539,1,2,Jaipur,1995,Fair
23977344,3298,1,1,Bangalore,1993,Fair
14353318,2771,1,2,Lucknow,1992,Excellent
23810973,2594,5,5,Mumbai,1985,Fair
17413054,1774,2,3,Noida,2005,Excellent
4186432,794,2,3,Chandigarh,1992,Good
31708210,3895,3,3,Bangalore,1988,Good
7667352,800,6,6,Gurgaon,2007,Good
7899443,1733,4,5,Chandigarh,1992,Poor
11640685,2206,5,5,Indore,2003,Excellent
26909333,3642,3,4,Delhi,1985,Poor
8482143,1979,2,3,Ahmedabad,1982,Poor
13253153,2386,6,6,Kolkata,2008,Good
13424162,3027,5,6,Ahmedabad,1986,Poor
39107703,3557,3,3,Mumbai,1984,Good
6761876,1455,4,4,Kolkata,1987,Fair
13822986,2538,1,2,Jaipur,1997,Excellent
17409838,3374,3,4,Kochi,1991,Poor
12105208,1819,4,5,Hyderabad,1981,Good
25338605,2220,5,6,Mumbai,1999,Very Good
6630285,1036,2,2,Delhi,1985,Poor
16230028,2977,6,6,Hyderabad,1985,Poor
3503476,954,1,2,Lucknow,1984,Fair
8157683,1812,2,2,Jaipur,1997,Good
14388110,2553,4,5,Kochi,1992,Fair
29948950,2903,6,6,Mumbai,2010,Poor
6207611,1758,4,4,Indore,1988,Poor
29402125,3961,1,2,Delhi,1987,Fair
9488667,2556,6,6,Lucknow,2007,Poor
27286682,3254,1,1,Noida,1998,Very Good
4088280,909,1,2,Ahmedabad,2000,Poor
21457706,2013,3,4,Mumbai,1983,Good
4767772,964,4,5,Kochi,1986,Good
24337692,3926,2,3,Pune,1996,Fair
5644877,890,6,6,Noida,1987,Fair
3234308,987,6,6,Indore,2000,Poor
4331391,882,1,2,Kolkata,1980,Good
8241474,1450,4,4,Hyderabad,1996,Fair
5541844,1181,6,6,Kolkata,1997,Poor
11800427,2113,4,4,Kolkata,2010,Fair
6766062,666,5,5,Gurgaon,1980,Excellent
6618980,766,5,5,Bangalore,2007,Very Good
6023596,800,2,2,Bangalore,1980,Good
6742499,1119,4,4,Chandigarh,1981,Very Good
22173997,1893,1,1,Mumbai,1984,Very Good
6162252,1055,3,4,Chennai,1987,Good
6807187,800,6,6,Delhi,1990,Good
19464634,2971,5,6,Delhi,1990,Poor
21417587,2102,6,6,Mumbai,2008,Fair
40130967,3788,2,3,Mumbai,1990,Good
31694229,3728,6,6,Pune,1997,Excellent
6834456,1419,5,5,Lucknow,1984,Excellent
24885000,3729,1,1,Kochi,2007,Very Good
16181366,2595,3,4,Pune,1982,Good
22109471,3625,6,6,Kochi,1996,Good
11188917,1287,6,6,Gurgaon,1998,Very Good
9740820,2441,4,4,Indore,1987,Good
4978902,1014,6,6,Indore,2009,Very Good
14456891,2023,3,3,Chandigarh,2010,Excellent
5148976,1174,2,2,Jaipur,2008,Good
5734991,911,5,6,Ahmedabad,1998,Excellent
26807358,3659,4,5,Noida,1989,Very Good
12055665,2123,6,6,Chennai,1986,Fair
5729093,1485,3,4,Lucknow,2004,Fair
7104345,1363,1,1,Chandigarh,1981,Good
13849822,2016,1,1,Kochi,1998,Excellent
9445404,2085,2,2,Jaipur,1987,Very Good
13146538,2099,5,5,Delhi,1994,Poor
6702054,1769,1,2,Indore,2001,Poor
36948239,3388,1,1,Gurgaon,2000,Excellent
20256638,3159,6,6,Ahmedabad,2009,Excellent
25299733,3513,4,4,Hyderabad,1993,Excellent
6346155,1084,5,5,Ahmedabad,2008,Excellent
3386367,695,2,2,Kolkata,1992,Good
28346097,3887,1,2,Pune,1984,Excellent
17085009,1572,5,6,Mumbai,1981,Fair
17372969,2673,6,6,Chandigarh,2009,Good
18731672,3410,4,5,Jaipur,1984,Excellent
11071891,2619,3,3,Indore,2003,Fair
3196286,640,6,6,Indore,2006,Excellent
17810002,3636,6,6,Lucknow,2006,Excellent
27306533,3453,1,2,Bangalore,1994,Very Good
23024522,3136,3,4,Pune,2009,Fair
12465388,1256,2,2,Delhi,1987,Excellent
14184897,2133,1,1,Gurgaon,1996,Poor
14031075,2700,6,6,Kochi,1993,Good
6272935,961,6,6,Noida,1998,Fair
12942625,2900,6,6,Indore,1992,Very Good
21299454,3476,2,2,Kolkata,1995,Excellent
6268802,1438,5,6,Kochi,1981,Poor
3547778,693,1,2,Ahmedabad,2001,Good
21727719,3963,3,3,Kolkata,1980,Good
13172666,3267,5,5,Jaipur,1981,Good
13611016,1796,2,3,Pune,2010,Good
37202361,3583,1,1,Mumbai,1985,Good
14199552,2159,6,6,Bangalore,1983,Fair
17246440,2805,4,5,Pune,1987,Good
30405679,2492,5,6,Mumbai,1991,Very Good
15667081,3573,1,2,Kolkata,1994,Poor
14669996,2214,1,1,Noida,1990,Fair
18585147,2700,1,1,Delhi,1980,Fair
16817582,2811,6,6,Jaipur,1995,Excellent
21213169,2200,6,6,Delhi,1997,Very Good
7231274,1222,2,3,Kolkata,1996,Good
8389296,1369,6,6,Bangalore,1997,Poor
17880617,2070,4,4,Bangalore,1980,Excellent
4003094,989,4,5,Indore,1986,Fair
25208341,3597,6,6,Kolkata,2010,Excellent
15378881,3553,1,1,Lucknow,2003,Fair
14587397,2774,4,5,Kochi,1998,Poor
14439140,2581,3,4,Jaipur,2000,Excellent
18906136,1821,5,5,Gurgaon,2000,Very Good
19121136,2526,4,5,Gurgaon,1993,Fair
12185340,1959,3,3,Kolkata,1994,Excellent
7469026,723,1,1,Mumbai,1994,Fair
8207977,1127,4,5,Chandigarh,2003,Excellent
18537636,1873,2,3,Gurgaon,1981,Very Good
5656401,1467,3,3,Indore,1987,Fair
27774756,3038,6,6,Gurgaon,2007,Very Good
21736461,3443,2,3,Noida,1986,Fair
13253228,2084,2,3,Chandigarh,1989,Excellent
18419870,2218,6,6,Bangalore,1987,Very Good
2764177,795,5,6,Lucknow,2007,Poor
20691976,2804,5,5,Hyderabad,1985,Excellent
32848554,3130,5,6,Bangalore,2009,Excellent
10486093,1853,2,3,Chandigarh,1982,Good
7385010,1416,2,2,Ahmedabad,1983,Excellent
5006059,747,2,3,Pune,1997,Good
16574585,2878,1,2,Pune,2007,Poor
22437313,3050,1,2,Hyderabad,1981,Excellent
34431330,3894,3,4,Gurgaon,1988,Good
19886594,3622,4,5,Kolkata,1984,Fair
4867361,993,3,4,Lucknow,2005,Excellent
29930946,3460,5,5,Delhi,2003,Good
10196886,1302,4,4,Chandigarh,1999,Excellent
13382417,982,5,6,Mumbai,1986,Excellent
18029825,2466,4,5,Chennai,2003,Very Good
6514511,1071,1,1,Hyderabad,2005,Fair
34990284,2820,2,3,Mumbai,2004,Excellent
21849096,2991,6,6,Bangalore,2000,Poor
14084618,2995,2,2,Indore,1995,Very Good
9287719,2624,5,6,Lucknow,1990,Poor
10623163,1907,3,4,Kolkata,1995,Very Good
19869455,1694,5,5,Mumbai,2009,Fair
14222647,1524,2,3,Gurgaon,2007,Fair
14942516,1786,3,3,Hyderabad,1997,Excellent
6196482,1292,1,2,Chandigarh,2004,Poor
36395091,3561,1,2,Mumbai,2010,Fair
8507211,2179,1,2,Indore,2004,Poor
12055187,1564,3,3,Hyderabad,1983,Excellent
12251048,2051,3,4,Chandigarh,2010,Fair
4112700,859,3,4,Chennai,1980,Poor
25395198,3432,2,2,Hyderabad,1980,Excellent
7954436,1788,3,3,Kolkata,1991,Poor
15328696,2677,2,2,Jaipur,1995,Excellent
10578405,1587,5,5,Noida,1991,Poor
11206235,1704,1,2,Chennai,1987,Excellent
17132846,3142,1,2,Chandigarh,2007,Poor
33553460,2649,6,6,Mumbai,1989,Excellent
21948173,3526,3,4,Ahmedabad,2009,Excellent
13877243,3058,2,2,Ahmedabad,1995,Good
5766964,1201,5,6,Ahmedabad,2002,Fair
8629924,1186,6,6,Noida,1983,Good
13489269,3035,6,6,Lucknow,2000,Good
4501457,871,6,6,Ahmedabad,2007,Fair
7724538,1331,6,6,Kochi,2009,Fair
15968009,2926,3,3,Ahmedabad,1986,Very Good
8246968,1188,3,4,Pune,1998,Fair
17031879,3268,5,6,Chandigarh,1993,Poor
20012179,3329,1,2,Bangalore,1987,Poor
9413452,1022,5,6,Mumbai,1987,Fair
14780598,2136,3,4,Kochi,2006,Excellent
17722183,2472,1,1,Pune,1986,Good
14276889,2427,4,5,Kochi,2005,Good
3599686,698,1,2,Lucknow,1993,Excellent
20995652,3681,2,3,Chennai,1997,Fair
8761010,1218,5,6,Bangalore,1989,Good
6093898,1222,2,3,Indore,1983,Excellent
9707157,2372,2,3,Indore,1993,Good
4593450,697,4,5,Kochi,1989,Very Good
25054534,2839,1,1,Pune,1995,Excellent
24673634,3723,1,1,Kochi,1993,Excellent
14054657,2125,1,2,Noida,2003,Fair
10676504,1845,6,6,Hyderabad,1983,Fair
3545417,646,5,5,Ahmedabad,1982,Excellent
31254533,2797,3,3,Gurgaon,2001,Excellent
12783241,3760,3,3,Lucknow,1988,Poor
11889857,3431,1,2,Indore,1992,Poor
8076163,868,2,3,Delhi,2008,Good
10982732,3442,6,6,Indore,1992,Poor
7697254,1168,6,6,Chandigarh,1994,Excellent
27657782,3005,6,6,Mumbai,2003,Poor
16670252,2782,5,6,Chandigarh,1995,Fair
24787119,3993,2,3,Chandigarh,1983,Excellent
11937478,2306,1,1,Jaipur,2010,Good
5795800,986,3,3,Noida,2003,Poor
17782328,2514,4,4,Bangalore,1989,Poor
25531198,2909,3,3,Delhi,2004,Very Good
7439571,956,3,3,Delhi,1991,Fair
22112865,3192,4,5,Noida,2004,Poor
23976721,3026,2,3,Chennai,1995,Excellent
19870797,3020,2,3,Chennai,1987,Very Good
19979324,2965,5,5,Chennai,2004,Very Good
6735678,1384,3,4,Lucknow,1992,Excellent
12995391,2562,3,3,Jaipur,2001,Excellent
8321158,829,3,4,Mumbai,1982,Good
11703957,1779,6,6,Pune,2010,Good
6503477,1161,6,6,Kolkata,1999,Fair
16859102,3432,3,4,Kochi,2009,Poor
19213131,2957,2,2,Hyderabad,1993,Very Good
4913339,723,1,2,Hyderabad,2008,Very Good
10540295,2734,5,5,Jaipur,1988,Fair
3254074,684,5,5,Kolkata,1987,Poor
11880096,2149,4,4,Pune,2004,Poor
8966679,1130,1,1,Gurgaon,1998,Fair
34873445,2686,2,3,Mumbai,1998,Very Good
25080662,3627,1,2,Gurgaon,1989,Poor
10020092,1587,4,5,Kochi,2009,Good
15941785,1548,3,3,Gurgaon,2008,Very Good
21160721,3905,4,5,Chandigarh,1982,Fair
20339732,3155,1,1,Chandigarh,1993,Very Good
19215403,3127,2,2,Ahmedabad,1992,Excellent
6287528,799,5,6,Noida,1990,Good
3031245,620,3,3,Kochi,1993,Poor
17803477,3085,4,5,Chennai,1997,Fair
13207448,2301,6,6,Hyderabad,1988,Poor
5793796,893,3,3,Delhi,2005,Poor
15127830,2812,6,6,Chennai,1999,Fair
15884332,2479,2,3,Chandigarh,1994,Excellent
20200370,2226,4,5,Mumbai,1998,Poor
11112322,2383,3,4,Indore,1994,Very Good
21398281,2897,3,3,Chandigarh,2000,Excellent
33502912,3423,4,4,Gurgaon,1992,Very Good
33285612,3763,6,6,Gurgaon,2008,Good
9033955,2507,5,5,Lucknow,2000,Poor
8679519,1620,2,2,Kolkata,1996,Fair
13019045,2562,6,6,Kolkata,2010,Poor
12457536,3556,3,4,Jaipur,1987,Poor
22085661,3246,2,3,Chandigarh,1984,Excellent
9093489,2107,6,6,Lucknow,1989,Fair
30375054,3554,6,6,Gurgaon,1998,Good
7369835,1648,1,2,Ahmedabad,1982,Good
7378831,1356,3,3,Pune,1989,Poor
34691468,3994,2,2,Gurgaon,1985,Very Good
12139611,2628,5,5,Indore,2009,Good
28255782,3803,5,6,Gurgaon,1988,Fair
7729482,790,4,4,Noida,2002,Excellent
18007299,1849,3,3,Delhi,1993,Excellent
2776475,841,3,3,Indore,1988,Poor
5401011,1366,4,5,Indore,1986,Good
12343724,1806,5,6,Bangalore,2007,Poor
6950153,1163,6,6,Kolkata,2000,Good
10474305,1445,1,1,Chennai,1987,Very Good
4877320,1158,3,3,Ahmedabad,1983,Fair
14981594,1783,5,5,Hyderabad,2005,Excellent
23584507,3065,6,6,Gurgaon,1990,Poor
30064842,3800,2,2,Delhi,2007,Good
6084198,1145,3,4,Kolkata,2008,Good
20952825,3980,3,4,Kochi,1999,Poor
18573701,3436,1,1,Lucknow,2009,Excellent
7635005,1568,6,6,Jaipur,1999,Good
25450836,3279,6,6,Hyderabad,1998,Very Good
20130149,3100,6,6,Chandigarh,2007,Good
19383728,3149,4,5,Chennai,1985,Good
5911466,771,5,5,Delhi,2003,Good
11101104,1348,2,2,Gurgaon,1980,Very Good
26373453,3127,1,1,Delhi,1999,Good
21138108,3017,6,6,Pune,1998,Very Good
6729058,678,6,6,Gurgaon,1990,Very Good
18798803,3465,5,5,Chandigarh,1993,Fair
18894801,2301,3,3,Delhi,1995,Good
22289650,2408,5,5,Bangalore,2007,Excellent
8413171,2265,6,6,Indore,2007,Poor
6450685,1206,3,4,Kochi,2005,Fair
23780224,3100,4,5,Noida,2009,Fair
25056189,3358,4,5,Noida,1980,Good
18621145,3362,2,3,Kochi,1990,Very Good
15943647,2350,4,4,Noida,1992,Fair
5289055,1341,6,6,Jaipur,1986,Fair
35736463,3583,3,3,Gurgaon,1989,Very Good
7235211,1075,5,6,Noida,1998,Poor
26688343,3298,1,2,Bangalore,1999,Very Good
23211863,2419,2,2,Delhi,1993,Excellent
17244105,2688,2,2,Chennai,2000,Very Good
3821930,758,3,4,Kolkata,2005,Poor
12488147,3296,3,3,Lucknow,1980,Fair
13749911,2268,6,6,Chandigarh,2000,Good
18619370,2718,6,6,Delhi,1985,Fair
13996481,1742,1,2,Bangalore,1981,Excellent
13551771,2351,1,1,Kolkata,1983,Very Good
18628768,1693,1,2,Mumbai,1980,Good
19364273,1891,6,6,Bangalore,2010,Excellent
21578349,3179,5,6,Noida,1980,Fair
24815475,3216,6,6,Pune,2004,Very Good
16728361,2742,3,4,Kochi,1985,Very Good
15740016,2092,6,6,Pune,2007,Good
20562055,3303,5,5,Bangalore,1993,Poor
21157282,3006,3,3,Chennai,2003,Very Good
18368836,2731,2,3,Noida,1995,Poor
11252880,1708,6,6,Kolkata,1996,Excellent
5382798,693,1,2,Hyderabad,1996,Excellent
12346762,1288,6,6,Bangalore,1986,Excellent
13377960,2388,3,4,Hyderabad,1982,Fair
11976697,1783,1,1,Delhi,2008,Poor
2349940,704,2,3,Indore,2001,Poor
4889755,991,1,1,Jaipur,2008,Good
5030118,928,1,2,Kolkata,1983,Fair
41987327,3807,4,4,Gurgaon,2005,Excellent
19565144,3650,4,4,Kolkata,1986,Very Good
6522514,886,2,2,Pune,2006,Fair
16544194,2958,4,4,Hyderabad,1995,Fair
21186791,2771,5,6,Delhi,1997,Good
18098399,2164,2,2,Gurgaon,1981,Fair
21890749,2557,2,2,Mumbai,2001,Poor
4675599,627,1,2,Pune,1982,Excellent
13444984,2097,5,5,Kochi,1983,Very Good
24893015,2489,6,6,Mumbai,1997,Poor
2665621,725,6,6,Indore,1993,Good
5073780,1033,1,1,Lucknow,1998,Excellent
17277158,2759,2,3,Pune,1983,Fair
22319255,3553,4,5,Pune,1998,Fair
14784375,3678,4,4,Lucknow,1996,Fair
3379989,917,2,3,Lucknow,1992,Poor
20389969,3261,1,2,Noida,1992,Poor
5796698,999,4,5,Ahmedabad,1995,Excellent
7713687,1444,4,4,Kolkata,1988,Fair
20702314,3788,3,4,Ahmedabad,1995,Very Good
13021168,1711,6,6,Bangalore,1980,Good
20518552,2591,4,4,Bangalore,1989,Fair
14295555,1767,3,3,Pune,2001,Very Good
12086564,1644,5,6,Chennai,1999,Excellent
12870906,3026,1,2,Indore,2006,Good
7611828,2115,2,2,Indore,1983,Poor
7921574,1440,2,2,Chennai,2002,Fair
12293633,2045,6,6,Kolkata,1998,Very Good
13539625,2553,4,4,Lucknow,2010,Excellent
17945491,2687,3,3,Noida,2003,Poor
19950830,3340,4,5,Kolkata,2008,Good
9226101,1024,2,3,Delhi,1996,Very Good
8543222,959,5,6,Gurgaon,2000,Fair
12586144,1438,2,3,Noida,2008,Excellent
24320306,2582,4,4,Gurgaon,1995,Good
32186589,3831,3,4,Bangalore,2000,Good
15822824,2281,6,6,Chennai,1987,Excellent
4973071,914,2,2,Hyderabad,1994,Poor
19615065,2144,2,3,Bangalore,2004,Very Good
31193914,3178,6,6,Noida,2005,Excellent
4073096,712,1,1,Chennai,1992,Fair
22870524,3210,3,3,Hyderabad,2003,Good
26151174,3895,1,1,Pune,1982,Fair
18439041,2212,3,4,Noida,1996,Excellent
21373117,2353,4,4,Gurgaon,2005,Good
14831396,2745,3,4,Ahmedabad,2006,Good
25313016,3508,1,2,Hyderabad,2005,Very Good
15546014,2059,1,1,Pune,1981,Excellent
8648525,967,3,3,Bangalore,1989,Excellent
10347378,1179,1,2,Pune,1989,Excellent
15653259,1896,2,3,Delhi,2007,Good
14407900,2778,6,6,Kolkata,1998,Good
18517748,3372,1,2,Jaipur,2005,Excellent
10866340,2727,5,6,Indore,1981,Fair
15008251,2631,5,5,Hyderabad,2000,Poor
16270193,2446,5,5,Hyderabad,1990,Very Good
18719827,3193,4,5,Ahmedabad,1993,Very Good
10305242,1144,3,3,Bangalore,1985,Excellent
20142681,2950,5,6,Chandigarh,1994,Excellent
19019967,2506,5,5,Pune,1993,Excellent
16831134,2611,3,3,Chennai,2003,Good
13675341,1794,2,3,Bangalore,1981,Fair
7609078,1586,5,6,Indore,1994,Very Good
26866293,2378,1,2,Mumbai,1999,Very Good
9677930,1842,1,2,Ahmedabad,1990,Good
2919470,636,6,6,Chandigarh,1980,Poor
6352625,1141,6,6,Chandigarh,2008,Good
15668560,2977,5,5,Hyderabad,1984,Fair
12603955,3147,2,3,Ahmedabad,2007,Poor
3689451,690,6,6,Kolkata,1998,Fair
16916101,2456,2,3,Gurgaon,1996,Poor
6732397,1653,6,6,Ahmedabad,2010,Poor
12799389,2669,6,6,Kochi,2008,Poor
4042895,1069,6,6,Jaipur,1994,Poor
6808953,1648,5,5,Jaipur,1982,Fair
8411202,1127,2,2,Noida,1988,Very Good
24137447,3196,2,3,Pune,1988,Very Good
9770021,1978,3,3,Lucknow,2010,Good
16292882,2349,5,5,Bangalore,1991,Poor
22578553,2641,6,6,Bangalore,1992,Very Good
4990998,861,1,2,Ahmedabad,2006,Very Good
14121577,1785,6,6,Gurgaon,2010,Fair
6719266,1088,2,2,Kolkata,1996,Very Good
6885226,900,5,6,Hyderabad,1997,Very Good
18809603,3156,3,3,Ahmedabad,1980,Excellent
12806181,3003,1,1,Lucknow,2009,Poor
15285358,3336,5,5,Lucknow,2008,Fair
12982521,1741,3,3,Noida,1993,Good
5362434,942,5,5,Kolkata,1998,Fair
20357830,3465,2,3,Hyderabad,1989,Fair
19985964,2441,1,2,Bangalore,1984,Excellent
5398775,1171,3,3,Kochi,2006,Poor
9259942,1623,3,4,Pune,1984,Poor
26189323,3079,4,5,Chennai,2009,Excellent
18947714,1817,1,2,Mumbai,1997,Fair
12300218,1986,4,4,Kochi,1988,Excellent
25402304,3273,5,6,Noida,1990,Good
25759154,3854,4,4,Delhi,1999,Poor
8377725,1173,6,6,Noida,1993,Good
27881031,3140,4,5,Noida,2008,Very Good
19990843,2085,1,2,Noida,2007,Excellent
18898818,3599,3,4,Kolkata,1990,Fair
15350074,3371,5,6,Indore,1996,Excellent
20968093,3275,5,5,Chennai,2006,Good
11264961,2475,3,3,Lucknow,1993,Good
10154007,2467,5,5,Jaipur,2009,Poor
16024109,3198,4,5,Jaipur,2006,Very Good
9000564,1751,6,6,Kolkata,1988,Fair
18904501,1960,6,6,Noida,1998,Excellent
10490550,2403,3,4,Ahmedabad,2008,Poor
11050135,1775,1,1,Chandigarh,2005,Good
39965221,3740,5,5,Gurgaon,2006,Very Good
17804026,3868,4,5,Indore,2003,Very Good
19593838,2986,4,4,Chandigarh,1981,Very Good
24670386,2445,5,6,Mumbai,2000,Good
3617435,606,1,2,Chennai,1998,Fair
8908017,1307,6,6,Chandigarh,1990,Very Good
12984736,2862,3,4,Jaipur,1987,Fair
12389791,2560,1,2,Jaipur,1991,Good
21392167,3581,6,6,Ahmedabad,1991,Excellent
16517835,2272,1,1,Pune,2009,Fair
15174060,2971,3,3,Chennai,2006,Poor
5267732,1105,4,4,Jaipur,2003,Fair
23611733,2454,2,2,Delhi,1997,Excellent
20394735,2475,1,1,Noida,1985,Very Good
5943525,1663,2,2,Indore,2005,Poor
4331677,962,5,5,Ahmedabad,2003,Poor
17941593,2150,5,6,Gurgaon,1989,Good
6117966,703,1,2,Delhi,1994,Good
14236202,2251,1,1,Chandigarh,2010,Good
9130512,1189,5,5,Bangalore,1992,Good
29702709,3471,4,5,Gurgaon,2005,Fair
6704920,980,4,5,Kolkata,1981,Excellent
15778421,3844,4,5,Indore,2005,Fair
7510674,1225,6,6,Chennai,1981,Good
32992637,3298,6,6,Gurgaon,1987,Very Good
12998572,1932,5,6,Chandigarh,1985,Excellent
13593572,2999,5,5,Kochi,1985,Poor
7352499,934,4,4,Noida,1987,Excellent
10190723,2525,2,3,Lucknow,1980,Fair
31040544,3696,2,3,Delhi,1980,Good
15307756,1992,1,1,Pune,2002,Very Good
13132165,1303,3,4,Mumbai,1987,Good
35158881,3407,2,3,Gurgaon,2001,Excellent
14958373,2681,2,3,Ahmedabad,1992,Very Good
24590801,3626,5,6,Chennai,1991,Very Good
22462016,3744,1,2,Kolkata,1980,Excellent